page_number,x0,y0,x1,y1,text,block_no,line_no,word_no
1,56,67,83,84,2026,0,0,0
1,390,84,500,101,482026000170219-1,1,0,0
1,55,154,84,161,901592799,2,0,0
1,252,154,256,161,3,2,1,0
1,274,155,321,162,ENSAMBLADORA,2,2,0
1,323,155,348,162,VAISAND,2,2,1
1,350,155,364,162,S.A.S,2,2,2
1,55,177,64,184,KM,3,0,0
1,65,177,69,184,6,3,0,1
1,70,177,79,184,VIA,3,0,2
1,81,177,85,184,A,3,0,3
1,86,177,115,184,MAMONAL,3,0,4
1,117,177,148,184,COMPLEJO,3,0,5
1,150,177,181,184,LOGISTICO,3,0,6
1,182,177,193,184,DEL,3,0,7
1,195,177,216,184,CARIBE,3,0,8
1,286,177,317,185,3234899363,3,1,0
1,358,177,365,185,48,3,2,0
1,436,177,443,185,13,3,3,0
1,517,177,526,185,836,3,4,0
1,47,200,76,208,890921974,4,0,0
1,205,201,209,211,1,4,1,0
1,222,200,248,208,AGENCIA,4,2,0
1,250,200,258,208,DE,4,2,1
1,259,200,287,208,ADUANAS,4,2,2
1,288,200,315,208,MARIANO,4,2,3
1,317,200,340,208,ROLDAN,4,2,4
1,342,200,353,208,S.A.,4,2,5
1,354,200,371,208,NIVEL,4,2,6
1,372,200,375,208,1,4,2,7
1,377,200,387,208,BIC,4,2,8
1,388,200,403,208,LTDA,4,2,9
1,496,200,503,208,26,4,3,0
1,552,201,561,209,069,4,4,0
1,48,221,73,229,45757176,5,0,0
1,224,221,255,229,ARBOLEDA,5,1,0
1,257,221,258,229,.,5,1,1
1,260,221,276,229,CRUZ,5,1,2
1,277,221,296,229,ELENA,5,1,3
1,44,247,51,256,01,6,0,0
1,82,245,100,255,Inicial,6,1,0
1,145,246,149,256,1,6,2,0
1,167,247,232,256,XXXXXXXXXXXXXX,6,3,0
1,266,247,284,256,XXXX,6,4,0
1,286,247,289,256,-,6,4,1
1,291,247,300,256,XX,6,4,2
1,302,247,304,256,-,6,4,3
1,306,247,316,256,XX,6,4,4
1,345,247,354,256,XX,6,5,0
1,380,246,391,256,No.,6,6,0
1,393,246,463,256,XXXXXXXXXXXXXXX,6,6,1
1,475,246,493,256,XXXX,6,7,0
1,495,246,498,256,-,6,7,1
1,500,246,509,256,XX,6,7,2
1,511,246,513,256,-,6,7,3
1,515,246,524,256,XX,6,7,4
1,554,246,564,256,XX,6,8,0
1,53,272,66,280,CTG,7,0,0
1,108,271,118,279,989,7,1,0
1,147,271,156,279,No.,7,2,0
1,158,271,186,279,989224715,7,2,1
1,261,271,274,279,2026,7,3,0
1,275,271,277,279,-,7,3,1
1,279,271,285,279,03,7,3,2
1,287,271,289,279,-,7,3,3
1,290,271,297,279,10,7,3,4
1,328,271,337,279,No.,7,4,0
1,338,271,367,279,262122638,7,4,1
1,521,270,534,278,2025,7,5,0
1,535,270,537,278,-,7,5,1
1,539,270,545,278,12,7,5,2
1,547,270,548,278,-,7,5,3
1,550,270,556,278,02,7,5,4
1,35,289,71,296,CHONGQING,8,0,0
1,73,289,102,296,DONGBEN,8,0,1
1,103,289,124,296,MOTOR,8,0,2
1,126,289,176,296,MANUFACTURING,8,0,3
1,178,289,189,296,"CO.,",8,0,4
1,191,289,202,296,LTD,8,0,5
1,412,288,448,296,CHONGQING,8,1,0
1,539,288,549,296,215,8,2,0
1,35,307,49,315,NO.2,9,0,0
1,50,307,76,315,XIANGYU,9,0,1
1,78,307,150,315,"ROAD,SHUANGFENGQIAO",9,0,2
1,152,307,178,315,ST.YUBEI,9,0,3
1,179,307,206,315,DISTRICT,9,0,4
1,367,307,447,315,DONGBENMOTOR@163.COM,9,1,0
1,35,330,62,337,25-DB-109,10,0,0
1,122,330,135,337,2025,10,1,0
1,136,330,138,337,-,10,1,1
1,140,330,146,337,11,10,1,2
1,148,330,150,337,-,10,1,3
1,151,330,158,337,19,10,1,4
1,188,330,197,337,215,10,2,0
1,227,330,230,337,1,10,3,0
1,267,330,276,337,215,10,4,0
1,309,330,315,337,13,10,5,0
1,332,330,356,337,MAERSK,10,6,0
1,358,330,388,337,COLOMBIA,10,6,1
1,389,330,399,337,S.A,10,6,2
1,560,330,582,337,3.700.46,10,7,0
1,54,352,93,362,4016930000,11,0,0
1,139,353,148,363,XX,11,1,0
1,188,352,198,362,XX,11,2,0
1,245,353,261,363,C284,11,3,0
1,311,353,320,363,XX,11,4,0
1,367,352,386,362,XXXX,11,5,0
1,444,353,454,363,XX,11,6,0
1,509,353,520,363,215,11,7,0
1,558,352,572,362,XXX,11,8,0
1,51,378,59,387,01,12,0,0
1,102,377,110,387,01,12,1,0
1,144,378,156,387,215,12,2,0
1,224,377,238,387,0.27,12,3,0
1,311,377,325,387,0.26,12,4,0
1,354,377,364,387,YY,12,5,0
1,387,377,404,387,1.839,12,6,0
1,429,377,436,387,58,12,7,0
1,473,377,478,387,U,12,8,0
1,552,376,570,386,76.00,12,9,0
1,98,399,111,409,0.76,13,0,0
1,217,399,231,409,0.04,13,1,0
1,97,423,111,433,0.01,14,0,0
1,217,424,231,434,0.01,14,1,0
1,97,456,111,466,0.06,15,0,0
1,218,456,231,466,0.00,15,1,0
1,302,412,316,422,0.00,16,0,0
1,363,412,381,422,3.034,16,1,0
1,444,412,448,422,0,16,2,0
1,510,412,514,422,0,16,3,0
1,566,412,580,422,0.00,16,4,0
1,298,426,316,436,19.00,17,0,0
1,363,427,380,437,3.034,17,1,0
1,430,427,448,437,1.000,17,2,0
1,497,427,514,437,1.000,17,3,0
1,566,427,580,437,0.00,17,4,0
1,303,443,316,452,0.00,18,0,0
1,377,443,381,452,0,18,1,0
1,444,443,448,452,0,18,2,0
1,510,443,514,452,0,18,3,0
1,566,443,580,452,0.00,18,4,0
1,303,458,316,468,0.00,19,0,0
1,377,458,381,468,0,19,1,0
1,444,458,448,468,0,19,2,0
1,510,458,514,468,0,19,3,0
1,567,458,581,468,0.00,19,4,0
1,303,473,316,483,0.00,20,0,0
1,377,473,381,483,0,20,1,0
1,444,473,448,483,0,20,2,0
1,510,473,514,483,0,20,3,0
1,567,474,581,484,0.00,20,4,0
1,313,486,317,496,0,21,0,0
1,377,487,381,497,0,21,1,0
1,444,487,448,497,0,21,2,0
1,510,486,514,496,0,21,3,0
1,313,503,316,513,0,22,0,0
1,376,504,380,514,0,22,1,0
1,445,503,448,513,0,22,2,0
1,510,503,514,513,0,22,3,0
1,432,516,449,526,1.000,23,0,0
1,566,518,579,528,0.00,23,1,0
1,98,489,111,498,0.82,24,0,0
1,136,491,140,500,X,24,1,0
1,187,490,234,499,XXXXXXXXXX,24,2,0
1,56,516,62,524,99,25,0,0
1,137,516,157,524,PV0014,25,1,0
1,190,517,197,525,14,25,2,0
1,93,517,109,525,XXXX,25,3,0
1,111,614,117,628,0,26,0,0
1,335,614,405,624,XXXXXXXXXXXXXXX,26,1,0
1,463,615,482,625,XXXX,26,2,0
1,484,615,493,625,XX,26,2,1
1,495,615,504,625,XX,26,2,2
1,420,648,479,658,482026000170219,27,0,0
1,459,667,475,677,2026,28,0,0
1,477,667,484,677,03,28,0,1
1,486,667,494,677,18,28,0,2
1,79,681,137,691,482026000816390,29,0,0
1,153,691,169,701,2026,30,0,0
1,171,691,173,701,-,30,0,1
1,175,691,183,701,03,30,0,2
1,185,691,187,701,-,30,0,3
1,189,691,197,701,21,30,0,4
1,555,712,580,726,1.000,31,0,0
1,35,553,44,561,DO,32,0,0
1,57,553,84,561,03114373,32,0,1
1,97,553,118,561,",Pedido",32,0,2
1,131,553,160,561,25-BD-109,32,0,3
1,173,553,191,561,300cc-,32,0,4
1,205,553,212,561,BL,32,0,5
1,225,553,255,561,262122638,32,0,6
1,269,553,293,561,",Formato",32,0,7
1,303,553,309,561,13,32,0,8
1,316,553,323,561,de,32,0,9
1,329,553,341,561,145;,32,0,10
1,348,553,409,561,Factura(s)...25-DB-109,32,0,11
1,416,553,471,561,19/11/2025;JUNTAS,32,0,12
1,478,553,482,561,O,32,0,13
1,489,553,549,561,"EMPAQUETADURAS,",32,0,14
1,35,559,43,568,DE,32,1,0
1,50,559,76,568,CAUCHO,32,1,1
1,83,559,125,568,VULCANIZADO,32,1,2
1,132,559,142,568,SIN,32,1,3
1,149,559,205,568,ENDURECER.;76.00,32,1,4
1,212,561,231,567,Unidad,32,1,5
1,237,561,275,567,PRODUCTO=,32,1,6
1,282,561,314,567,ARANDELA,32,1,7
1,318,561,326,567,DE,32,1,8
1,329,561,355,567,CAUCHO,32,1,9
1,359,561,375,567,PARA,32,1,10
1,378,561,409,567,CUBIERTA,32,1,11
1,412,561,439,567,LATERAL,32,1,12
1,442,561,450,567,DE,32,1,13
1,454,561,542,567,"MOTOCARRO,COMPOSICIÓN=",32,1,14
1,545,561,553,567,CA,32,1,15
1,37,566,54,574,UCHO,33,0,0
1,61,566,94,574,"100%,USO=",33,0,1
1,101,566,117,574,PARA,33,0,2
1,124,566,191,574,"MOTOCARRO,MARCA=",33,0,3
1,197,566,268,574,"VAISAND,REFERENCIA=",33,0,4
1,274,566,283,574,NO,33,0,5
1,290,566,323,574,"TIENE,TIPO",33,0,6
1,330,566,342,574,DEL,33,0,7
1,348,566,383,574,PROGRAMA,33,0,8
1,388,566,443,574,"PROFIAVEHICULO,",33,0,9
1,446,566,461,574,COD.,33,0,10
1,465,566,474,574,"PV,",33,0,11
1,478,566,488,574,NO.,33,0,12
1,492,566,552,574,SUBPROGRAMA0014,33,0,13
1,35,573,38,581,0,33,1,0
1,48,573,60,581,"001,",33,1,1
1,67,573,77,581,NO.,33,1,2
1,84,573,94,581,CIP,33,1,3
1,101,573,117,581,0001=,33,1,4
1,124,573,144,581,".,CNU=",33,1,5
1,151,573,183,581,"23,CODIGO",33,1,6
1,190,573,220,581,INTERNO=,33,1,7
1,227,573,266,581,VSD300-2801;,33,1,8
1,273,573,309,581,MERCANCIA,33,1,9
1,316,573,340,581,"NUEVA,;",33,1,10
1,346,573,551,581,XXXXXXXXXXXXXXXXXXXXXXXXXXXXXXXXXXXXXXXXXXXXXXXXXXX,33,1,11
1,35,579,43,588,XX,33,2,0
1,45,579,549,588,XXXXXXXXXXXXXXXXXXXXXXXXXXXXXXXXXXXXXXXXXXXXXXXXXXXXXXXXXXXXXXXXXXXXXXXXXXXXXXXXXXXXXXXXXXXXXXXXXXXXXXXXXXXXXXXXXXXXXXXXXXXXXX,33,2,1
1,35,586,47,594,XXX,33,3,0
1,49,586,549,594,XXXXXXXXXXXXXXXXXXXXXXXXXXXXXXXXXXXXXXXXXXXXXXXXXXXXXXXXXXXXXXXXXXXXXXXXXXXXXXXXXXXXXXXXXXXXXXXXXXXXXXXXXXXXXXXXXXXXXXXXXXXXX,33,3,1
1,35,593,51,601,XXXX,33,4,0
1,359,740,411,749,BANCOLOMBIA,34,0,0
1,413,740,426,749,S.A.,34,0,1
1,357,748,400,757,Autoadhesivo,34,1,0
1,402,748,456,757,07515260623159,34,1,1
1,357,757,377,764,Fecha,34,2,0
1,379,757,419,764,presentación,34,2,1
1,421,755,484,765,2026-03-1915:50:00,34,2,2
1,357,763,374,773,Valor,34,3,0
1,376,763,399,773,pagado,34,3,1
1,401,763,432,773,$1.000.00,34,3,2
1,382,66,387,74,4.,35,0,0
1,389,66,410,74,Numero,35,0,1
1,412,66,418,74,de,35,0,2
1,420,66,447,74,formulario,35,0,3
1,191,39,242,48,Declaracion,36,0,0
1,245,39,255,48,de,36,0,1
1,258,39,309,48,importación,36,0,2
1,34,72,39,78,1.,37,0,0
1,40,72,51,78,Año,37,0,1
1,51,147,55,152,5.,38,0,0
1,57,147,75,152,Número,38,0,1
1,76,147,82,152,de,38,0,2
1,83,147,112,152,Identificación,38,0,3
1,114,147,135,152,Tributaria,38,0,4
1,136,147,147,152,(NIT),38,0,5
1,242,145,246,152,6.,38,1,0
1,247,145,256,152,DV.,38,1,1
1,274,148,281,153,11.,38,2,0
1,282,148,302,153,Apellidos,38,2,1
1,304,148,306,153,y,38,2,2
1,308,148,327,153,nombres,38,2,3
1,328,148,331,153,o,38,2,4
1,333,148,347,153,Razón,38,2,5
1,348,148,362,153,Social,38,2,6
1,49,170,56,175,13.,39,0,0
1,57,170,78,175,Dirección,39,0,1
1,273,171,280,176,15.,39,1,0
1,282,171,301,176,Teléfono,39,1,1
1,330,172,337,177,12.,39,2,0
1,338,172,349,177,Cód.,39,2,1
1,350,172,368,177,Admón.,39,2,2
1,409,172,416,177,16.,39,3,0
1,417,172,427,177,Cód.,39,3,1
1,429,172,439,177,Dpto,39,3,2
1,470,171,477,176,17.,39,4,0
1,479,171,489,176,Cód.,39,4,1
1,491,171,506,176,Ciudad,39,4,2
1,508,171,529,176,Municipio,39,4,3
1,45,194,52,199,24.,40,0,0
1,54,194,71,199,Número,40,0,1
1,73,194,78,199,de,40,0,2
1,80,194,109,199,Identificación,40,0,3
1,110,194,131,199,Tributaria,40,0,4
1,133,194,144,199,(NIT),40,0,5
1,195,192,202,199,25.,40,1,0
1,204,192,211,199,DV,40,1,1
1,224,193,231,198,26.,40,2,0
1,233,193,247,198,Razón,40,2,1
1,248,193,261,198,social,40,2,2
1,263,193,269,198,del,40,2,3
1,271,193,294,198,declarante,40,2,4
1,295,193,319,198,autorizado,40,2,5
1,476,190,483,197,27.,40,3,0
1,485,190,494,197,Tipo,40,3,1
1,496,190,512,197,usuario,40,3,2
1,534,194,540,199,28.,40,4,0
1,542,194,552,199,Cód.,40,4,1
1,554,194,570,199,usuario,40,4,2
1,47,216,53,221,29.,41,0,0
1,55,216,73,221,Número,41,0,1
1,74,216,99,221,documento,41,0,2
1,100,216,106,221,de,41,0,3
1,107,216,136,221,identificación,41,0,4
1,223,214,230,221,30.,41,1,0
1,232,214,252,221,Apellidos,41,1,1
1,253,214,256,221,y,41,1,2
1,257,214,277,221,nombres,41,1,3
1,32,236,39,243,31.,42,0,0
1,40,236,53,243,Clase,42,0,1
1,32,241,56,248,Importador,42,1,0
1,64,237,71,242,32.,43,0,0
1,72,237,82,242,Tipo,43,0,1
1,83,237,109,242,declaración,43,0,2
1,135,236,142,243,33.,43,1,0
1,144,236,154,243,Cod.,43,1,1
1,167,237,205,244,34.No.Formulario,43,2,0
1,207,237,224,244,Anterior,43,2,1
1,264,238,270,243,35.,43,3,0
1,272,238,281,243,Año,43,3,1
1,282,238,284,243,-,43,3,2
1,285,238,295,243,Mes,43,3,3
1,296,238,298,243,-,43,3,4
1,299,238,307,243,Día,43,3,5
1,326,238,333,243,36.,43,4,0
1,334,238,345,243,Cod.,43,4,1
1,346,238,363,243,Admón.,43,4,2
1,377,238,384,243,37.,43,5,0
1,385,238,412,243,Declaración,43,5,1
1,413,238,419,243,de,43,5,2
1,420,238,446,243,Exportación,43,5,3
1,474,239,480,244,38.,43,6,0
1,482,239,491,244,Año,43,6,1
1,492,239,494,244,-,43,6,2
1,495,239,505,244,Mes,43,6,3
1,506,239,508,244,-,43,6,4
1,509,239,517,244,Día,43,6,5
1,538,238,545,243,39.,43,7,0
1,546,238,557,243,Cod.,43,7,1
1,558,238,575,243,Admón.,43,7,2
1,33,260,39,267,40.,44,0,0
1,41,260,51,267,Cod.,44,0,1
1,53,260,64,267,lugar,44,0,2
1,65,260,82,267,ingreso,44,0,3
1,33,267,38,272,de,44,1,0
1,39,267,46,272,las,44,1,1
1,47,267,73,272,mercancías,44,1,2
1,90,264,97,269,41.,44,2,0
1,99,264,109,269,Cod.,44,2,1
1,111,264,130,269,Depósito,44,2,2
1,146,261,153,268,42.,44,3,0
1,154,261,177,268,Manifiesto,44,3,1
1,179,261,184,268,de,44,3,2
1,186,261,198,268,carga,44,3,3
1,251,263,258,268,43.,44,4,0
1,260,263,269,268,Año,44,4,1
1,270,263,272,268,-,44,4,2
1,273,263,283,268,Mes,44,4,3
1,284,263,286,268,-,44,4,4
1,287,263,295,268,Día,44,4,5
1,330,261,336,268,44.,44,5,0
1,338,261,363,268,Documento,44,5,1
1,365,261,370,268,de,44,5,2
1,372,261,394,268,transporte,44,5,3
1,512,262,519,267,45.,44,6,0
1,521,262,529,267,Año,44,6,1
1,531,262,532,267,-,44,6,2
1,534,262,543,267,Mes,44,6,3
1,545,262,546,267,-,44,6,4
1,548,262,556,267,Día,44,6,5
1,35,282,42,289,46.,45,0,0
1,43,282,61,289,Nombre,45,0,1
1,62,282,86,289,exportador,45,0,2
1,88,282,90,289,o,45,0,3
1,92,282,114,289,proveedor,45,0,4
1,116,282,121,289,en,45,0,5
1,123,282,127,289,el,45,0,6
1,128,282,145,289,exterior,45,0,7
1,412,282,419,289,47.,45,1,0
1,420,282,436,289,Ciudad,45,1,1
1,520,284,527,289,48.,45,2,0
1,528,284,549,289,Cod.País,45,2,1
1,550,284,575,289,Exportador,45,2,2
1,35,303,42,308,49.,46,0,0
1,44,303,64,308,Dirección,46,0,1
1,66,303,90,308,exportador,46,0,2
1,91,303,94,308,o,46,0,3
1,95,303,118,308,proveedor,46,0,4
1,119,303,125,308,en,46,0,5
1,126,303,130,308,el,46,0,6
1,131,303,148,308,exterior,46,0,7
1,367,301,374,308,50.,46,1,0
1,376,301,390,308,E-mail,46,1,1
1,34,319,41,326,51.,47,0,0
1,42,319,50,326,No.,47,0,1
1,51,319,57,326,de,47,0,2
1,58,319,73,326,factura,47,0,3
1,115,321,122,326,52.,47,1,0
1,123,321,132,326,Año,47,1,1
1,133,321,135,326,-,47,1,2
1,136,321,146,326,Mes,47,1,3
1,147,321,149,326,-,47,1,4
1,150,321,158,326,Día,47,1,5
1,169,318,176,325,53.,47,2,0
1,177,319,188,324,Cod.,47,2,1
1,189,319,198,324,país,47,2,2
1,169,324,196,330,procedencia,47,3,0
1,209,318,216,325,54.,48,0,0
1,217,318,228,325,Cod.,48,0,1
1,229,318,241,325,Modo,48,0,2
1,209,324,233,331,Transporte,48,1,0
1,249,319,256,325,55.,49,0,0
1,257,320,273,325,Código,49,0,1
1,274,320,280,325,de,49,0,2
1,249,324,268,331,Bandera,49,1,0
1,288,319,295,326,56.,50,0,0
1,297,319,307,326,Cod.,50,0,1
1,309,319,322,326,Depto,50,0,2
1,288,325,304,331,destino,50,1,0
1,329,319,336,326,57.,51,0,0
1,337,319,357,326,Empresa,51,0,1
1,359,319,391,326,transportadora,51,0,2
1,515,319,522,325,58.,51,1,0
1,523,319,534,325,Tasa,51,1,1
1,536,319,541,325,de,51,1,2
1,543,319,559,325,cambio,51,1,3
1,560,319,563,325,$,51,1,4
1,564,319,573,325,cvs.,51,1,5
1,44,342,51,349,59.,52,0,0
1,53,342,77,349,Subpartida,52,0,1
1,78,342,103,349,arancelaria,52,0,2
1,121,341,128,347,60.,52,1,0
1,130,341,140,347,Cod.,52,1,1
1,121,346,158,353,Complementario,52,2,0
1,171,340,178,347,61.,53,0,0
1,180,340,190,347,Cod.,53,0,1
1,171,346,204,353,Suplementario,53,1,0
1,217,342,224,349,62.,53,2,0
1,226,342,236,349,Cod.,53,2,1
1,238,342,261,349,Modalidad,53,2,2
1,294,341,301,348,63.,53,3,0
1,302,341,310,348,No.,53,3,1
1,311,341,326,348,cuotas,53,3,2
1,294,347,296,354,o,53,4,0
1,298,347,313,354,meses,53,4,1
1,341,342,348,349,64.,54,0,0
1,349,342,361,349,Valor,54,0,1
1,362,342,375,349,cuota,54,0,2
1,376,342,387,349,USD,54,0,3
1,417,341,424,348,65.,54,1,0
1,425,341,453,348,Periodicidad,54,1,1
1,454,341,461,348,del,54,1,2
1,417,347,428,354,pago,54,2,0
1,430,347,435,354,de,54,2,1
1,437,347,441,354,la,54,2,2
1,442,347,454,354,cuota,54,2,3
1,491,341,498,348,66.,55,0,0
1,499,343,510,348,Cod.,55,0,1
1,511,343,521,348,país,55,0,2
1,491,347,497,354,de,55,1,0
1,498,347,512,354,origen,55,1,1
1,539,342,546,349,67.,56,0,0
1,548,342,558,349,Cod.,56,0,1
1,559,342,578,349,Acuerdo,56,0,2
1,33,365,40,372,68.,57,0,0
1,42,365,56,372,Forma,57,0,1
1,58,365,63,372,de,57,0,2
1,65,365,76,372,pago,57,0,3
1,33,372,39,377,de,57,1,0
1,40,372,44,377,la,57,1,1
1,46,372,71,377,importación,57,1,2
1,84,365,91,372,69.,58,0,0
1,92,365,102,372,Tipo,58,0,1
1,104,365,109,372,de,58,0,2
1,84,372,110,377,importación,58,1,0
1,127,365,134,372,70.,59,0,0
1,136,366,146,371,Cod.,59,0,1
1,147,366,157,371,país,59,0,2
1,127,371,144,377,compra,59,1,0
1,172,368,179,373,71.,59,2,0
1,180,368,191,373,Peso,59,2,1
1,193,368,204,373,bruto,59,2,2
1,206,368,215,373,kgs.,59,2,3
1,229,368,242,373,dcms.,59,2,4
1,259,368,266,373,72.,59,3,0
1,267,368,278,373,Peso,59,3,1
1,280,368,289,373,neto,59,3,2
1,291,368,300,373,kgs.,59,3,3
1,314,368,327,373,dcms.,59,3,4
1,347,366,354,373,73.,59,4,0
1,356,368,372,373,Código,59,4,1
1,347,372,368,379,embalaje,59,5,0
1,380,366,387,373,74.,60,0,0
1,388,366,396,373,No.,60,0,1
1,380,372,393,379,bultos,60,1,0
1,411,367,417,374,75.,61,0,0
1,419,367,446,374,Subpartidas,61,0,1
1,455,366,462,373,76.,61,1,0
1,464,366,474,373,Cod.,61,1,1
1,476,366,491,373,unidad,61,1,2
1,455,372,477,379,comercial,61,2,0
1,500,366,507,373,77.,62,0,0
1,508,366,528,373,Cantidad,62,0,1
1,530,366,543,373,dcms.,62,0,2
1,33,390,51,397,78.Valor,63,0,0
1,53,390,63,397,FOB,63,0,1
1,64,390,75,397,USD,63,0,2
1,116,391,123,397,79.,63,1,0
1,124,391,136,397,Valor,63,1,1
1,137,391,149,397,fletes,63,1,2
1,151,391,161,397,USD,63,1,3
1,32,415,39,421,80.,64,0,0
1,40,415,52,421,Valor,64,0,1
1,53,415,72,421,Seguros,64,0,2
1,73,415,84,421,USD,64,0,3
1,115,414,122,421,81.,64,1,0
1,124,414,135,421,Valor,64,1,1
1,137,414,149,421,Otros,64,1,2
1,150,414,166,421,Gastos,64,1,3
1,167,414,178,421,USD,64,1,4
1,32,441,39,448,82.,65,0,0
1,40,441,63,448,Sumatoria,65,0,1
1,64,441,70,448,de,65,0,2
1,71,441,85,448,"fletes,",65,0,3
1,86,441,104,448,seguros,65,0,4
1,32,447,34,454,y,65,1,0
1,36,447,47,454,otros,65,1,1
1,48,447,63,454,gastos,65,1,2
1,64,447,75,454,USD,65,1,3
1,116,442,123,448,83.,66,0,0
1,125,442,138,448,Ajuste,66,0,1
1,140,442,151,448,valor,66,0,2
1,152,442,163,448,USD,66,0,3
1,34,475,41,482,84.,67,0,0
1,43,475,54,482,Valor,67,0,1
1,56,475,72,482,aduana,67,0,2
1,74,475,84,482,USD,67,0,3
1,113,474,120,481,85.,67,1,0
1,121,475,137,480,Código,67,1,1
1,139,475,155,480,registro,67,1,2
1,113,479,116,486,o,67,2,0
1,117,479,134,486,licencia,67,2,1
1,165,476,171,481,86.,68,0,0
1,173,476,191,481,Número,68,0,1
1,34,506,41,513,87.,69,0,0
1,42,506,53,513,Cod.,69,0,1
1,54,506,68,513,oficina,69,0,2
1,88,508,95,513,88.,69,1,0
1,96,508,105,513,Año,69,1,1
1,114,507,121,514,89.,69,2,0
1,122,507,144,514,Programa,69,2,1
1,145,507,152,514,No,69,2,2
1,162,508,169,513,90.,69,3,0
1,170,508,179,513,Cód,69,3,1
1,181,508,196,513,Interno,69,3,2
1,198,508,204,513,del,69,3,3
1,206,508,226,513,Producto,69,3,4
1,249,395,276,403,Concepto,70,0,0
1,296,395,301,403,%,70,1,0
1,341,394,355,402,Base,70,2,0
1,388,394,403,402,Total,70,3,0
1,404,394,433,402,Liquidado,70,3,1
1,435,394,442,402,($),70,3,2
1,460,391,474,399,Total,70,4,0
1,476,391,479,399,a,70,4,1
1,481,391,497,399,pagar,70,4,2
1,499,391,509,399,con,70,4,3
1,457,399,469,405,esta,70,5,0
1,471,399,504,405,declaración,70,5,1
1,506,399,513,405,($),70,5,2
1,529,391,543,399,Total,71,0,0
1,545,391,573,399,Liquidado,71,0,1
1,543,398,560,406,(USD),72,0,0
1,245,412,261,418,Arancel,73,0,0
1,245,426,257,433,I.V.A.,74,0,0
1,245,442,274,449,Salvaguardia,75,0,0
1,245,452,266,459,Derechos,76,0,0
1,245,458,281,465,Compensatorios,76,1,0
1,245,468,267,475,Derechos,77,0,0
1,245,474,273,480,Antidumping,77,1,0
1,245,486,263,493,Sancion,78,0,0
1,245,501,263,508,Rescate,79,0,0
1,286,406,290,411,92,80,0,0
1,286,422,290,427,97,81,0,0
1,286,438,292,443,102,82,0,0
1,286,452,292,458,107,83,0,0
1,286,468,292,474,112,84,0,0
1,286,483,292,489,117,85,0,0
1,286,498,292,504,121,86,0,0
1,319,407,323,412,93,87,0,0
1,319,422,323,428,98,88,0,0
1,318,437,324,443,103,89,0,0
1,319,452,325,458,108,90,0,0
1,318,469,324,474,113,91,0,0
1,318,484,324,489,118,92,0,0
1,318,498,324,504,122,93,0,0
1,386,406,390,412,94,94,0,0
1,386,423,390,429,99,95,0,0
1,386,438,392,443,104,96,0,0
1,386,453,392,459,109,97,0,0
1,386,469,392,474,114,98,0,0
1,386,485,392,491,119,99,0,0
1,386,498,392,504,123,100,0,0
1,385,514,392,520,125,101,0,0
1,364,519,378,525,Total,101,1,0
1,454,412,459,418,95,102,0,0
1,453,428,460,433,100,103,0,0
1,452,442,459,448,105,104,0,0
1,453,457,460,463,110,105,0,0
1,452,473,459,479,115,106,0,0
1,452,484,459,489,120,107,0,0
1,452,498,459,504,124,108,0,0
1,522,412,526,417,96,109,0,0
1,520,426,526,432,101,110,0,0
1,521,442,527,447,106,111,0,0
1,521,457,527,463,111,112,0,0
1,520,472,526,478,116,113,0,0
1,521,516,528,521,126,114,0,0
1,34,542,41,547,91.,115,0,0
1,43,542,69,547,Descripción,115,0,1
1,70,542,76,547,de,115,0,2
1,77,542,84,547,las,115,0,3
1,85,542,119,547,mercancías(No,115,0,4
1,120,542,132,547,inicie,115,0,5
1,133,542,137,547,la,115,0,6
1,138,542,164,547,descripción,115,0,7
1,165,542,170,547,de,115,0,8
1,172,542,178,547,las,115,0,9
1,180,542,206,547,mercancías,115,0,10
1,207,542,210,547,a,115,0,11
1,211,542,229,547,importar,115,0,12
1,231,542,239,547,con,115,0,13
1,240,542,244,547,lo,115,0,14
1,246,542,266,547,señalado,115,0,15
1,267,542,273,547,en,115,0,16
1,274,542,278,547,el,115,0,17
1,279,542,296,547,arancel,115,0,18
1,297,542,303,547,de,115,0,19
1,304,542,323,547,aduanas,115,0,20
1,325,542,330,547,en,115,0,21
1,332,542,336,547,la,115,0,22
1,337,542,360,547,subpartida,115,0,23
1,362,542,386,547,arancelaria,115,0,24
1,388,542,389,547,-,115,0,25
1,391,542,407,547,Incluya,115,0,26
1,408,542,426,547,"marcas,",115,0,27
1,427,542,444,547,seriales,115,0,28
1,446,542,448,547,y,115,0,29
1,450,542,463,547,otros),115,0,30
1,464,542,470,547,(Si,115,0,31
1,471,542,475,547,el,115,0,32
1,477,542,492,547,campo,115,0,33
1,493,542,498,547,es,115,0,34
1,500,542,526,547,"insuficiente,",115,0,35
1,528,542,546,547,continúe,115,0,36
1,548,542,552,547,al,115,0,37
1,553,542,572,547,respaldo,115,0,38
1,574,542,579,547,de,115,0,39
1,34,546,44,553,este,115,1,0
1,45,546,69,553,formulario),115,1,1
1,34,617,44,622,127.,116,0,0
1,45,617,58,622,Valor,116,0,1
1,59,617,74,622,pagos,116,0,2
1,75,617,101,622,anteriores:,116,0,3
1,227,618,237,623,128.,116,1,0
1,238,618,253,623,Recibo,116,1,1
1,255,618,268,623,oficial,116,1,2
1,269,618,275,623,de,116,1,3
1,276,618,287,623,pago,116,1,4
1,288,618,305,623,anterior,116,1,5
1,307,618,316,623,No.:,116,1,6
1,424,617,433,624,129.,116,2,0
1,435,617,450,624,Fecha:,116,2,1
1,34,639,44,646,130.,117,0,0
1,45,641,63,646,Espacio,117,0,1
1,65,641,87,646,reservado,117,0,2
1,88,641,100,646,DIAN,117,0,3
1,102,641,103,646,-,117,0,4
1,105,641,127,646,Actuación,117,0,5
1,128,641,149,646,aduanera,117,0,6
1,227,644,237,651,131.,118,0,0
1,238,644,256,651,Espacio,118,0,1
1,257,644,279,651,reservado,118,0,2
1,281,644,289,651,uso,118,0,3
1,290,644,311,651,exclusivo,118,0,4
1,312,644,333,651,Ministerio,118,0,5
1,335,644,340,651,de,118,0,6
1,342,644,367,651,Relaciones,118,0,7
1,368,644,390,651,Exteriores,118,0,8
1,419,642,429,647,132.,118,1,0
1,430,642,438,647,No.,118,1,1
1,440,642,464,647,Aceptación,118,1,2
1,466,642,491,647,declaración,118,1,3
1,423,669,433,676,133.,119,0,0
1,434,669,450,676,Fecha:,119,0,1
1,34,683,44,690,134.,120,0,0
1,45,683,63,690,Levante,120,0,1
1,64,683,72,690,No.,120,0,2
1,147,682,156,689,135.,120,1,0
1,158,682,172,689,Fecha,120,1,1
1,220,682,233,689,Firma,120,2,0
1,234,682,259,689,funcionario,120,2,1
1,260,682,287,689,responsable,120,2,2
1,405,686,415,693,136.,121,0,0
1,416,686,434,693,Nombre,121,0,1
1,405,697,415,704,137.,122,1,0
1,416,697,426,704,C.C.,122,1,1
1,427,697,435,704,No.,122,1,2
1,34,704,52,714,Firma,122,2,0
1,54,704,87,714,declarante,122,2,1
1,219,708,232,718,997.,122,3,0
1,234,708,259,718,Espacio,122,3,1
1,261,708,290,718,exclusivo,122,3,2
1,292,708,306,718,para,122,3,3
1,308,708,313,718,el,122,3,4
1,315,708,330,718,sello,122,3,5
1,248,718,256,725,de,122,4,0
1,258,718,263,725,la,122,4,1
1,265,718,288,725,entidad,122,4,2
1,290,718,329,725,recaudadora,122,4,3
1,229,726,251,733,(Fecha,122,5,0
1,253,726,277,733,efectiva,122,5,1
1,279,726,287,733,de,122,5,2
1,289,726,294,733,la,122,5,3
1,296,726,335,733,transacción),122,5,4
1,226,745,252,752,Coloque,123,0,0
1,254,745,259,752,el,123,0,1
1,261,745,281,752,timbre,123,0,2
1,283,745,290,752,de,123,0,3
1,292,745,298,752,la,123,0,4
1,300,745,327,752,máquina,123,0,5
1,215,750,253,760,registradora,123,1,0
1,254,750,260,760,al,123,1,1
1,262,750,279,760,dorso,123,1,2
1,281,750,289,760,de,123,1,3
1,291,750,304,760,este,123,1,4
1,306,750,337,760,formulario,123,1,5
1,357,706,371,716,980.,124,0,0
1,373,706,390,716,Pago,124,0,1
1,392,706,409,716,Total,124,0,2
1,411,706,415,716,$,124,0,3
1,377,730,391,739,996.,125,0,0
1,393,730,418,739,Espacio,125,0,1
1,420,730,434,739,para,125,0,2
1,436,730,477,739,autoadhesivo,125,0,3
1,479,730,487,739,de,125,0,4
1,489,730,495,739,la,125,0,5
1,496,730,519,739,entidad,125,0,6
1,521,730,561,739,recaudadora,125,0,7
1,434,739,461,746,(Número,126,0,0
1,463,739,472,746,del,126,0,1
1,474,739,505,746,adhesivo),126,0,2
1,35,82,60,92,Espacio,127,0,0
1,62,82,93,92,reservado,127,0,1
1,95,82,109,92,para,127,0,2
1,111,82,116,92,la,127,0,3
1,118,82,135,92,DIAN,127,0,4
1,137,84,151,91,(Antes,127,0,5
1,153,84,158,91,de,127,0,6
1,160,84,182,91,diligenciar,127,0,7
1,184,84,193,91,este,127,0,8
1,194,84,217,91,formulario,127,0,9
1,218,84,225,91,lea,127,0,10
1,226,84,263,91,cuidadosamente,127,0,11
1,264,84,271,91,las,127,0,12
1,272,84,303,91,instrucciones),127,0,13
1,405,32,459,53,Privada,128,0,0
1,520,25,562,64,500,128,1,0
1,32,149,41,186,Importador,129,0,0
1,31,195,41,230,Declarante,129,1,0
1,235,430,242,483,Autoliquidación,130,0,0
1,44,24,73,29,REPÚBLICA,131,0,0
1,74,24,81,29,DE,131,0,1
1,82,24,109,29,COLOMBIA,131,0,2
1,33,341,43,362,S,132,0,0
